{"val/loss": 0.33757033944129944, "val/acc": 0.8372015953063965, "val/ece": 0.017769986763596535, "val/entropy": 0.3348703682422638, "val/acc_best": 0.8372015953063965, "val/ece_best": 0.017769986763596535, "val/entropy_best": 0.3348703682422638, "epoch": 1, "trainer/global_step": 329, "_timestamp": 1724705619.1473644, "_runtime": 29.01806926727295, "_step": 2, "train/loss": 0.3646317720413208, "train/acc": 0.8316394090652466, "train/ece": 0.02026461996138096, "train/entropy": 0.3521460294723511, "test/loss": 0.33818456530570984, "test/acc": 0.8431697487831116, "test/ece": 0.011913063004612923, "test/entropy": 0.34087449312210083, "test/kcal": 1.5597324818372726e-06, "test/calibrated_acc": 0.8431697487831116, "test/calibrated_ece ": 0.011913063004612923, "test/calibrated_entropy": 0.3408745527267456, "test/calibrated_kcal": 0.00020037172362208366, "_wandb": {"runtime": 28}}