{"val/loss": 0.3681952655315399, "val/acc": 0.8358753323554993, "val/ece": 0.051029022783041, "val/entropy": 0.2493913471698761, "val/acc_best": 0.8454906940460205, "val/ece_best": 0.016287460923194885, "val/entropy_best": 0.2441234439611435, "epoch": 30, "trainer/global_step": 9870, "_timestamp": 1724874194.8288126, "_runtime": 221.43859148025513, "_step": 60, "train/loss": 0.26067352294921875, "train/acc": 0.8801291584968567, "train/ece": 0.005131484009325504, "train/entropy": 0.26025959849357605, "test/loss": 0.33274489641189575, "test/acc": 0.8502984046936035, "test/ece": 0.011653343215584755, "test/entropy": 0.33279648423194885, "test/kcal": 1.1530937626957893e-05, "test/calibrated_acc": 0.8502984046936035, "test/calibrated_ece ": 0.011653589084744453, "test/calibrated_entropy": 0.33279648423194885, "test/calibrated_kcal": 0.00023120595142245293, "_wandb": {"runtime": 221}}