{"val/loss": 0.3681952655315399, "val/acc": 0.8358753323554993, "val/ece": 0.05102916061878204, "val/entropy": 0.2493913471698761, "val/acc_best": 0.8454906940460205, "val/ece_best": 0.01628740131855011, "val/entropy_best": 0.2441234439611435, "epoch": 30, "trainer/global_step": 9870, "_timestamp": 1724873605.3602252, "_runtime": 198.26691317558289, "_step": 60, "train/loss": 0.26067352294921875, "train/acc": 0.8801291584968567, "train/ece": 0.00513155572116375, "train/entropy": 0.26025959849357605, "test/loss": 0.33274489641189575, "test/acc": 0.8502984046936035, "test/ece": 0.011653464287519455, "test/entropy": 0.33279648423194885, "test/kcal": 1.1530937626957893e-05, "test/calibrated_acc": 0.8502984046936035, "test/calibrated_ece ": 0.011653443798422813, "test/calibrated_entropy": 0.33279648423194885, "test/calibrated_kcal": 0.00023120595142245293, "_wandb": {"runtime": 197}}