{"val/loss": 0.33757033944129944, "val/acc": 0.8372015953063965, "val/ece": 0.017769986763596535, "val/entropy": 0.3348703682422638, "val/acc_best": 0.8372015953063965, "val/ece_best": 0.017769986763596535, "val/entropy_best": 0.3348703682422638, "epoch": 0, "trainer/global_step": 328, "_timestamp": 1724273429.8417108, "_runtime": 6.305104732513428, "_step": 0, "_wandb": {"runtime": 73}}