{"val/loss": 0.3338652551174164, "val/acc": 0.835106372833252, "val/ece": 0.19172737002372742, "val/entropy": 0.3232143521308899, "val/acc_best": 0.8282894492149353, "val/ece_best": 0.02166919596493244, "val/entropy_best": 0.3318053185939789, "epoch": 0, "trainer/global_step": 163, "_timestamp": 1723491557.9878874, "_runtime": 13.254553318023682, "_step": 1, "train/loss": 0.36670735478401184, "train/acc": 0.8249809741973877, "train/ece": 0.10715912282466888, "train/entropy": 0.3505651354789734, "_wandb": {"runtime": 17}}