{"val/loss": 3.6061911582946777, "val/ce_loss": 3.611191511154175, "val/aud_loss": -0.0050001442432403564, "val/acc": 0.8362069129943848, "val/ece": 0.044134750962257385, "val/acc_best": 0.8405172228813171, "val/ece_best": 0.01716730371117592, "epoch": 15, "trainer/global_step": 5263, "_timestamp": 1724875861.1734164, "_runtime": 329.62030839920044, "_step": 31, "train/loss": 2.7463650703430176, "train/ce_loss": 2.7513649463653564, "train/aud_loss": -0.005000149831175804, "train/acc": 0.8721029758453369, "train/ece": 0.00598420575261116, "_wandb": {"runtime": 333}}