{"val/loss": 3.5548367500305176, "val/ce_loss": 3.5576670169830322, "val/aud_loss": -0.00283211306668818, "val/acc": 0.8265914916992188, "val/ece": 0.017167257145047188, "val/acc_best": 0.8265914916992188, "val/ece_best": 0.017167257145047188, "epoch": 0, "trainer/global_step": 328, "_timestamp": 1724896153.1438649, "_runtime": 23.36226177215576, "_step": 1, "train/loss": 3.9307565689086914, "train/ce_loss": 3.9335572719573975, "train/aud_loss": -0.002803187118843198, "train/acc": 0.8176766633987427, "train/ece": 0.011351454071700573, "_wandb": {"runtime": 23}}