{"val/loss": 3.5548367500305176, "val/ce_loss": 3.5576670169830322, "val/aud_loss": -0.00283211306668818, "val/acc": 0.8265914916992188, "val/ece": 0.01716710813343525, "val/acc_best": 0.8265914916992188, "val/ece_best": 0.01716710813343525, "epoch": 1, "trainer/global_step": 329, "_timestamp": 1724896281.9086332, "_runtime": 26.832560300827026, "_step": 2, "train/loss": 3.9307565689086914, "train/ce_loss": 3.9335572719573975, "train/aud_loss": -0.002803187118843198, "train/acc": 0.8176766633987427, "train/ece": 0.011351466178894043, "test/loss": 3.5707790851593018, "test/ce_loss": 3.573596477508545, "test/aud_loss": -0.0028163804672658443, "test/acc": 0.8294098377227783, "test/ece": 0.010566415265202522, "test/kcal": 1.3692770153284073e-05, "_wandb": {"runtime": 26}}